YEAR_MONTH,PASSENGERS CARRIED
2023 SEP,6071670.728708595
2023 OCT,6438316.032029494
2023 NOV,6624452.815402445
2023 DEC,6928557.578880217
2024 JAN,6637674.224400426
2024 FEB,6549085.522536112
2024 MAR,6708666.636613956
2024 APR,6814333.303513469
2024 MAY,6438091.929753525
2024 JUN,6389692.769172185
2024 JUL,6503226.231297569
2024 AUG,6635318.763538766
