YEAR_MONTH,PASSENGERS CARRIED
2023 SEP,8024799.132670991
2023 OCT,8192468.891671906
2023 NOV,8359159.406787873
2023 DEC,8528580.834507158
2024 JAN,8699494.051417463
2024 FEB,8872312.901742274
2024 MAR,9046899.16919126
2024 APR,9223299.01544031
2024 MAY,9401497.023346364
2024 JUN,9581498.341949088
2024 JUL,9763301.251564791
2024 AUG,9946906.326535914
